Word_Index,Word,Prediction,Label_Name,Mode,Is_Switch,Confidence,Segment_ID,Paragraph,Model
0,don,0,Non-switch Auto,AUTO,NO,0.998,1,1,ALTO+PP
1,spyi,0,Non-switch Auto,AUTO,NO,0.998,1,1,ALTO+PP
2,dang,0,Non-switch Auto,AUTO,NO,0.998,1,1,ALTO+PP
3,med,0,Non-switch Auto,AUTO,NO,0.998,1,1,ALTO+PP
4,pa,0,Non-switch Auto,AUTO,NO,0.998,1,1,ALTO+PP
5,gsal,0,Non-switch Auto,AUTO,NO,0.997,1,1,ALTO+PP
6,ba,0,Non-switch Auto,AUTO,NO,0.998,1,1,ALTO+PP
7,gnyis,0,Non-switch Auto,AUTO,NO,0.998,1,1,ALTO+PP
8,shes,0,Non-switch Auto,AUTO,NO,0.997,1,1,ALTO+PP
9,pa,0,Non-switch Auto,AUTO,NO,0.998,1,1,ALTO+PP
10,las,0,Non-switch Auto,AUTO,NO,0.998,1,1,ALTO+PP
11,tha,0,Non-switch Auto,AUTO,NO,0.998,1,1,ALTO+PP
12,dad,0,Non-switch Auto,AUTO,NO,0.997,1,1,ALTO+PP
13,pa’i,0,Non-switch Auto,AUTO,NO,0.998,1,1,ALTO+PP
14,yul,0,Non-switch Auto,AUTO,NO,0.997,1,1,ALTO+PP
15,zhig,0,Non-switch Auto,AUTO,NO,0.998,1,1,ALTO+PP
16,yin,0,Non-switch Auto,AUTO,NO,0.997,1,1,ALTO+PP
17,na,0,Non-switch Auto,AUTO,NO,0.998,1,1,ALTO+PP
18,|,0,Non-switch Auto,AUTO,NO,0.997,1,1,ALTO+PP
19,yul,0,Non-switch Auto,AUTO,NO,0.998,1,1,ALTO+PP
20,rnam,0,Non-switch Auto,AUTO,NO,0.998,1,1,ALTO+PP
21,pa,0,Non-switch Auto,AUTO,NO,0.998,1,1,ALTO+PP
22,ni,0,Non-switch Auto,AUTO,NO,0.998,1,1,ALTO+PP
23,rags,0,Non-switch Auto,AUTO,NO,0.998,1,1,ALTO+PP
24,|,0,Non-switch Auto,AUTO,NO,0.997,1,1,ALTO+PP
25,yid,0,Non-switch Auto,AUTO,NO,0.998,1,1,ALTO+PP
26,nye,0,Non-switch Auto,AUTO,NO,0.998,1,1,ALTO+PP
27,bar,0,Non-switch Auto,AUTO,NO,0.998,1,1,ALTO+PP
28,gtad,0,Non-switch Auto,AUTO,NO,0.998,1,1,ALTO+PP
29,pa,0,Non-switch Auto,AUTO,NO,0.998,1,1,ALTO+PP
30,ni,0,Non-switch Auto,AUTO,NO,0.998,1,1,ALTO+PP
31,yod,0,Non-switch Auto,AUTO,NO,0.998,1,1,ALTO+PP
32,|,0,Non-switch Auto,AUTO,NO,0.997,1,1,ALTO+PP
33,‘khrul,0,Non-switch Auto,AUTO,NO,0.997,1,1,ALTO+PP
34,pa’i,0,Non-switch Auto,AUTO,NO,0.998,1,1,ALTO+PP
35,rgyu,0,Non-switch Auto,AUTO,NO,0.998,1,1,ALTO+PP
36,mtshan,0,Non-switch Auto,AUTO,NO,0.998,1,1,ALTO+PP
37,ni,0,Non-switch Auto,AUTO,NO,0.998,1,1,ALTO+PP
38,med,0,Non-switch Auto,AUTO,NO,0.998,1,1,ALTO+PP
39,pas,0,Non-switch Auto,AUTO,NO,0.998,1,1,ALTO+PP
40,|,0,Non-switch Auto,AUTO,NO,0.996,1,1,ALTO+PP
41,yul,0,Non-switch Auto,AUTO,NO,0.998,1,1,ALTO+PP
42,snang,0,Non-switch Auto,AUTO,NO,0.997,1,1,ALTO+PP
43,rung,0,Non-switch Auto,AUTO,NO,0.998,1,1,ALTO+PP
44,gcig,0,Non-switch Auto,AUTO,NO,0.997,1,1,ALTO+PP
45,na,0,Non-switch Auto,AUTO,NO,0.998,1,1,ALTO+PP
46,gnas,0,Non-switch Auto,AUTO,NO,0.998,1,1,ALTO+PP
47,pa’i,0,Non-switch Auto,AUTO,NO,0.998,1,1,ALTO+PP
48,gang,0,Non-switch Auto,AUTO,NO,0.998,1,1,ALTO+PP
49,zag,0,Non-switch Auto,AUTO,NO,0.998,1,1,ALTO+PP
50,gzhan,0,Non-switch Auto,AUTO,NO,0.998,1,1,ALTO+PP
51,gyis,0,Non-switch Auto,AUTO,NO,0.998,1,1,ALTO+PP
52,kyang,0,Non-switch Auto,AUTO,NO,0.998,1,1,ALTO+PP
53,mthong,0,Non-switch Auto,AUTO,NO,0.997,1,1,ALTO+PP
54,bar,0,Non-switch Auto,AUTO,NO,0.998,1,1,ALTO+PP
55,‘gyur,0,Non-switch Auto,AUTO,NO,0.995,1,1,ALTO+PP
56,te,0,Non-switch Auto,AUTO,NO,0.998,1,1,ALTO+PP
57,|,0,Non-switch Auto,AUTO,NO,0.991,1,1,ALTO+PP
58,yul,0,Non-switch Auto,AUTO,NO,0.998,1,1,ALTO+PP
59,snang,0,Non-switch Auto,AUTO,NO,0.998,1,1,ALTO+PP
60,rung,0,Non-switch Auto,AUTO,NO,0.998,1,1,ALTO+PP
61,du,0,Non-switch Auto,AUTO,NO,0.998,1,1,ALTO+PP
62,khyad,0,Non-switch Auto,AUTO,NO,0.998,1,1,ALTO+PP
63,par,0,Non-switch Auto,AUTO,NO,0.998,1,1,ALTO+PP
64,med,0,Non-switch Auto,AUTO,NO,0.998,1,1,ALTO+PP
65,pa’i,0,Non-switch Auto,AUTO,NO,0.998,1,1,ALTO+PP
66,phyir,0,Non-switch Auto,AUTO,NO,0.998,1,1,ALTO+PP
67,bum,0,Non-switch Auto,AUTO,NO,0.998,1,1,ALTO+PP
68,pa,0,Non-switch Auto,AUTO,NO,0.998,1,1,ALTO+PP
69,thams,0,Non-switch Auto,AUTO,NO,0.999,1,1,ALTO+PP
70,cad,0,Non-switch Auto,AUTO,NO,0.998,1,1,ALTO+PP
71,kyis,0,Non-switch Auto,AUTO,NO,0.999,1,1,ALTO+PP
72,mthong,0,Non-switch Auto,AUTO,NO,0.998,1,1,ALTO+PP
73,ba,0,Non-switch Auto,AUTO,NO,0.998,1,1,ALTO+PP
74,bzhin,0,Non-switch Auto,AUTO,NO,0.998,1,1,ALTO+PP
75,no,0,Non-switch Auto,AUTO,NO,0.998,1,1,ALTO+PP
76,|,0,Non-switch Auto,AUTO,NO,0.996,1,1,ALTO+PP
77,|,0,Non-switch Auto,AUTO,NO,0.997,1,1,ALTO+PP
78,de,0,Non-switch Auto,AUTO,NO,0.998,1,1,ALTO+PP
79,skad,0,Non-switch Auto,AUTO,NO,0.996,1,1,ALTO+PP
80,du’ang,0,Non-switch Auto,AUTO,NO,0.995,1,1,ALTO+PP
81,rnam,0,Non-switch Auto,AUTO,NO,0.998,1,1,ALTO+PP
82,‘grel,0,Non-switch Auto,AUTO,NO,0.989,1,1,ALTO+PP
83,las,0,Non-switch Auto,AUTO,NO,0.989,1,1,ALTO+PP
84,|,0,Non-switch Auto,AUTO,NO,0.960,1,1,ALTO+PP
85,rnam,1,Non-switch Allo,ALLO,NO,0.728,1,1,ALTO+PP
86,pa,1,Non-switch Allo,ALLO,NO,0.954,1,1,ALTO+PP
87,de,1,Non-switch Allo,ALLO,NO,0.967,1,1,ALTO+PP
88,ni,1,Non-switch Allo,ALLO,NO,0.977,1,1,ALTO+PP
89,tha,1,Non-switch Allo,ALLO,NO,0.963,1,1,ALTO+PP
90,dad,1,Non-switch Allo,ALLO,NO,0.968,1,1,ALTO+PP
91,na,1,Non-switch Allo,ALLO,NO,0.966,1,1,ALTO+PP
92,|,1,Non-switch Allo,ALLO,NO,0.876,1,1,ALTO+PP
93,|,1,Non-switch Allo,ALLO,NO,0.889,1,1,ALTO+PP
94,gzhan,1,Non-switch Allo,ALLO,NO,0.968,1,1,ALTO+PP
95,gyis,1,Non-switch Allo,ALLO,NO,0.958,1,1,ALTO+PP
96,kyang,1,Non-switch Allo,ALLO,NO,0.959,1,1,ALTO+PP
97,ni,1,Non-switch Allo,ALLO,NO,0.962,1,1,ALTO+PP
98,rtogs,1,Non-switch Allo,ALLO,NO,0.940,1,1,ALTO+PP
99,par,1,Non-switch Allo,ALLO,NO,0.958,1,1,ALTO+PP
100,‘gyur,1,Non-switch Allo,ALLO,NO,0.675,1,1,ALTO+PP
101,|,1,Non-switch Allo,ALLO,NO,0.879,1,1,ALTO+PP
102,|,1,Non-switch Allo,ALLO,NO,0.635,1,1,ALTO+PP
103,zhes,0,Non-switch Auto,AUTO,NO,0.679,1,1,ALTO+PP
104,gsungs,0,Non-switch Auto,AUTO,NO,0.992,1,1,ALTO+PP
105,pa,0,Non-switch Auto,AUTO,NO,0.994,1,1,ALTO+PP
106,ltar,0,Non-switch Auto,AUTO,NO,0.994,1,1,ALTO+PP
107,ro,0,Non-switch Auto,AUTO,NO,0.990,1,1,ALTO+PP
108,|,0,Non-switch Auto,AUTO,NO,0.983,1,1,ALTO+PP
109,|,0,Non-switch Auto,AUTO,NO,0.986,1,1,ALTO+PP
110,don,0,Non-switch Auto,AUTO,NO,0.819,1,1,ALTO+PP
111,nyid,1,Non-switch Allo,ALLO,NO,0.655,1,1,ALTO+PP
112,yin,0,Non-switch Auto,AUTO,NO,0.594,1,1,ALTO+PP
113,kyang,0,Non-switch Auto,AUTO,NO,0.525,1,1,ALTO+PP
114,lus,1,Non-switch Allo,ALLO,NO,0.524,1,1,ALTO+PP
115,kyi,1,Non-switch Allo,ALLO,NO,0.698,1,1,ALTO+PP
116,nang,1,Non-switch Allo,ALLO,NO,0.555,1,1,ALTO+PP
117,|,0,Non-switch Auto,AUTO,NO,0.817,1,1,ALTO+PP
118,|,0,Non-switch Auto,AUTO,NO,0.899,1,1,ALTO+PP
119,mi,0,Non-switch Auto,AUTO,NO,0.531,1,1,ALTO+PP
120,mthong,1,Non-switch Allo,ALLO,NO,0.707,1,1,ALTO+PP
121,bzhin,0,Non-switch Auto,AUTO,NO,0.612,1,1,ALTO+PP
122,du,0,Non-switch Auto,AUTO,NO,0.639,1,1,ALTO+PP
123,‘khrul,0,Non-switch Auto,AUTO,NO,0.906,1,1,ALTO+PP
124,snang,0,Non-switch Auto,AUTO,NO,0.753,1,1,ALTO+PP
125,gnyis,0,Non-switch Auto,AUTO,NO,0.686,1,1,ALTO+PP
126,|,0,Non-switch Auto,AUTO,NO,0.827,1,1,ALTO+PP
127,|,0,Non-switch Auto,AUTO,NO,0.924,1,1,ALTO+PP
128,bdag,0,Non-switch Auto,AUTO,NO,0.782,1,1,ALTO+PP
129,la,0,Non-switch Auto,AUTO,NO,0.797,1,1,ALTO+PP
130,rtag,0,Non-switch Auto,AUTO,NO,0.786,1,1,ALTO+PP
131,tu,0,Non-switch Auto,AUTO,NO,0.665,1,1,ALTO+PP
132,‘brel,0,Non-switch Auto,AUTO,NO,0.898,1,1,ALTO+PP
133,ba’i,0,Non-switch Auto,AUTO,NO,0.716,1,1,ALTO+PP
134,phyir,0,Non-switch Auto,AUTO,NO,0.705,1,1,ALTO+PP
135,|,0,Non-switch Auto,AUTO,NO,0.923,1,1,ALTO+PP
136,|,0,Non-switch Auto,AUTO,NO,0.965,1,1,ALTO+PP
137,gzhan,0,Non-switch Auto,AUTO,NO,0.763,1,1,ALTO+PP
138,gyis,0,Non-switch Auto,AUTO,NO,0.802,1,1,ALTO+PP
139,rtogs,0,Non-switch Auto,AUTO,NO,0.817,1,1,ALTO+PP
140,pa,0,Non-switch Auto,AUTO,NO,0.814,1,1,ALTO+PP
141,med,0,Non-switch Auto,AUTO,NO,0.806,1,1,ALTO+PP
142,ce,0,Non-switch Auto,AUTO,NO,0.863,1,1,ALTO+PP
143,na,0,Non-switch Auto,AUTO,NO,0.877,1,1,ALTO+PP
144,|,0,Non-switch Auto,AUTO,NO,0.976,1,1,ALTO+PP
145,|,0,Non-switch Auto,AUTO,NO,0.982,1,1,ALTO+PP
146,don,0,Non-switch Auto,AUTO,NO,0.984,1,1,ALTO+PP
147,spyi,0,Non-switch Auto,AUTO,NO,0.978,1,1,ALTO+PP
148,dang,0,Non-switch Auto,AUTO,NO,0.972,1,1,ALTO+PP
149,med,0,Non-switch Auto,AUTO,NO,0.965,1,1,ALTO+PP
150,pa,0,Non-switch Auto,AUTO,NO,0.980,1,1,ALTO+PP
151,gsal,0,Non-switch Auto,AUTO,NO,0.962,1,1,ALTO+PP
152,ba,0,Non-switch Auto,AUTO,NO,0.964,1,1,ALTO+PP
153,gnyis,0,Non-switch Auto,AUTO,NO,0.945,1,1,ALTO+PP
154,po,0,Non-switch Auto,AUTO,NO,0.959,1,1,ALTO+PP
155,yul,0,Non-switch Auto,AUTO,NO,0.955,1,1,ALTO+PP
156,du,0,Non-switch Auto,AUTO,NO,0.974,1,1,ALTO+PP
157,grub,0,Non-switch Auto,AUTO,NO,0.949,1,1,ALTO+PP
158,kyang,0,Non-switch Auto,AUTO,NO,0.951,1,1,ALTO+PP
159,rang,0,Non-switch Auto,AUTO,NO,0.967,1,1,ALTO+PP
160,gi,0,Non-switch Auto,AUTO,NO,0.924,1,1,ALTO+PP
161,lus,0,Non-switch Auto,AUTO,NO,0.929,1,1,ALTO+PP
162,kyi,0,Non-switch Auto,AUTO,NO,0.750,1,1,ALTO+PP
163,nang,0,Non-switch Auto,AUTO,NO,0.687,1,1,ALTO+PP
164,na,0,Non-switch Auto,AUTO,NO,0.797,1,1,ALTO+PP
165,gnas,0,Non-switch Auto,AUTO,NO,0.684,1,1,ALTO+PP
166,pa,0,Non-switch Auto,AUTO,NO,0.734,1,1,ALTO+PP
167,don,0,Non-switch Auto,AUTO,NO,0.800,1,1,ALTO+PP
168,yin,0,Non-switch Auto,AUTO,NO,0.619,1,1,ALTO+PP
169,yang,0,Non-switch Auto,AUTO,NO,0.532,1,1,ALTO+PP
170,mi,0,Non-switch Auto,AUTO,NO,0.773,1,1,ALTO+PP
171,mthong,0,Non-switch Auto,AUTO,NO,0.800,1,1,ALTO+PP
172,ba,0,Non-switch Auto,AUTO,NO,0.842,1,1,ALTO+PP
173,ltar,0,Non-switch Auto,AUTO,NO,0.784,1,1,ALTO+PP
174,gzhan,0,Non-switch Auto,AUTO,NO,0.526,1,1,ALTO+PP
175,gyis,0,Non-switch Auto,AUTO,NO,0.568,1,1,ALTO+PP
176,mi,0,Non-switch Auto,AUTO,NO,0.752,1,1,ALTO+PP
177,mthong,0,Non-switch Auto,AUTO,NO,0.651,1,1,ALTO+PP
178,ste,1,Non-switch Allo,ALLO,NO,0.560,1,1,ALTO+PP
179,|,0,Non-switch Auto,AUTO,NO,0.915,1,1,ALTO+PP
180,bdag,0,Non-switch Auto,AUTO,NO,0.746,1,1,ALTO+PP
181,gi,0,Non-switch Auto,AUTO,NO,0.628,1,1,ALTO+PP
182,blo,0,Non-switch Auto,AUTO,NO,0.566,1,1,ALTO+PP
183,dang,0,Non-switch Auto,AUTO,NO,0.611,1,1,ALTO+PP
184,‘brel,0,Non-switch Auto,AUTO,NO,0.819,1,1,ALTO+PP
185,ba’i,1,Non-switch Allo,ALLO,NO,0.559,1,1,ALTO+PP
186,phyir,0,Non-switch Auto,AUTO,NO,0.549,1,1,ALTO+PP
187,ro,0,Non-switch Auto,AUTO,NO,0.717,1,1,ALTO+PP
188,zhe,0,Non-switch Auto,AUTO,NO,0.641,1,1,ALTO+PP
189,na,0,Non-switch Auto,AUTO,NO,0.608,1,1,ALTO+PP
190,|,0,Non-switch Auto,AUTO,NO,0.917,1,1,ALTO+PP
191,nang,1,Non-switch Allo,ALLO,NO,0.621,1,1,ALTO+PP
192,gi,1,Non-switch Allo,ALLO,NO,0.880,1,1,ALTO+PP
193,lus,1,Non-switch Allo,ALLO,NO,0.840,1,1,ALTO+PP
194,ni,1,Non-switch Allo,ALLO,NO,0.932,1,1,ALTO+PP
195,yul,1,Non-switch Allo,ALLO,NO,0.909,1,1,ALTO+PP
196,rung,1,Non-switch Allo,ALLO,NO,0.893,1,1,ALTO+PP
197,min,1,Non-switch Allo,ALLO,NO,0.934,1,1,ALTO+PP
198,|,1,Non-switch Allo,ALLO,NO,0.857,1,1,ALTO+PP
199,|,1,Non-switch Allo,ALLO,NO,0.796,1,1,ALTO+PP
200,des,1,Non-switch Allo,ALLO,NO,0.942,1,1,ALTO+PP
201,na,1,Non-switch Allo,ALLO,NO,0.934,1,1,ALTO+PP
202,rang,1,Non-switch Allo,ALLO,NO,0.898,1,1,ALTO+PP
203,gis,1,Non-switch Allo,ALLO,NO,0.940,1,1,ALTO+PP
204,kyang,1,Non-switch Allo,ALLO,NO,0.921,1,1,ALTO+PP
205,mi,1,Non-switch Allo,ALLO,NO,0.900,1,1,ALTO+PP
206,mthong,1,Non-switch Allo,ALLO,NO,0.936,1,1,ALTO+PP
207,|,1,Non-switch Allo,ALLO,NO,0.866,1,1,ALTO+PP
208,|,1,Non-switch Allo,ALLO,NO,0.729,1,1,ALTO+PP
209,nang,1,Non-switch Allo,ALLO,NO,0.933,1,1,ALTO+PP
210,gi,1,Non-switch Allo,ALLO,NO,0.939,1,1,ALTO+PP
211,lus,1,Non-switch Allo,ALLO,NO,0.940,1,1,ALTO+PP
212,mi,1,Non-switch Allo,ALLO,NO,0.949,1,1,ALTO+PP
213,mthong,1,Non-switch Allo,ALLO,NO,0.952,1,1,ALTO+PP
214,ba,1,Non-switch Allo,ALLO,NO,0.947,1,1,ALTO+PP
215,dper,1,Non-switch Allo,ALLO,NO,0.921,1,1,ALTO+PP
216,mi,1,Non-switch Allo,ALLO,NO,0.912,1,1,ALTO+PP
217,rung,1,Non-switch Allo,ALLO,NO,0.907,1,1,ALTO+PP
218,ste,1,Non-switch Allo,ALLO,NO,0.943,1,1,ALTO+PP
219,|,1,Non-switch Allo,ALLO,NO,0.767,1,1,ALTO+PP
220,de,1,Non-switch Allo,ALLO,NO,0.950,1,1,ALTO+PP
221,ni,1,Non-switch Allo,ALLO,NO,0.955,1,1,ALTO+PP
222,yul,1,Non-switch Allo,ALLO,NO,0.930,1,1,ALTO+PP
223,rung,1,Non-switch Allo,ALLO,NO,0.893,1,1,ALTO+PP
224,ba,1,Non-switch Allo,ALLO,NO,0.927,1,1,ALTO+PP
225,ma,1,Non-switch Allo,ALLO,NO,0.909,1,1,ALTO+PP
226,yin,1,Non-switch Allo,ALLO,NO,0.951,1,1,ALTO+PP
227,pa’i,1,Non-switch Allo,ALLO,NO,0.927,1,1,ALTO+PP
228,phyir,1,Non-switch Allo,ALLO,NO,0.934,1,1,ALTO+PP
229,rang,1,Non-switch Allo,ALLO,NO,0.891,1,1,ALTO+PP
230,nyid,1,Non-switch Allo,ALLO,NO,0.939,1,1,ALTO+PP
231,kyis,1,Non-switch Allo,ALLO,NO,0.929,1,1,ALTO+PP
232,kyang,1,Non-switch Allo,ALLO,NO,0.921,1,1,ALTO+PP
233,mi,1,Non-switch Allo,ALLO,NO,0.914,1,1,ALTO+PP
234,mthong,1,Non-switch Allo,ALLO,NO,0.932,1,1,ALTO+PP
235,la,1,Non-switch Allo,ALLO,NO,0.936,1,1,ALTO+PP
236,|,1,Non-switch Allo,ALLO,NO,0.548,1,1,ALTO+PP
237,rung,1,Non-switch Allo,ALLO,NO,0.880,1,1,ALTO+PP
238,ba,1,Non-switch Allo,ALLO,NO,0.935,1,1,ALTO+PP
239,na,1,Non-switch Allo,ALLO,NO,0.919,1,1,ALTO+PP
240,gnas,1,Non-switch Allo,ALLO,NO,0.917,1,1,ALTO+PP
241,na,1,Non-switch Allo,ALLO,NO,0.928,1,1,ALTO+PP
242,mthong,1,Non-switch Allo,ALLO,NO,0.897,1,1,ALTO+PP
243,bar,1,Non-switch Allo,ALLO,NO,0.864,1,1,ALTO+PP
244,‘gyur,1,Non-switch Allo,ALLO,NO,0.665,1,1,ALTO+PP
245,ro,1,Non-switch Allo,ALLO,NO,0.879,1,1,ALTO+PP
246,|,0,Non-switch Auto,AUTO,NO,0.576,1,1,ALTO+PP
247,|,0,Non-switch Auto,AUTO,NO,0.696,1,1,ALTO+PP
248,rang,1,Non-switch Allo,ALLO,NO,0.524,1,1,ALTO+PP
249,dang,1,Non-switch Allo,ALLO,NO,0.500,1,1,ALTO+PP
250,rtag,1,Non-switch Allo,ALLO,NO,0.634,1,1,ALTO+PP
251,tu,1,Non-switch Allo,ALLO,NO,0.688,1,1,ALTO+PP
252,‘brel,0,Non-switch Auto,AUTO,NO,0.764,1,1,ALTO+PP
253,pas,1,Non-switch Allo,ALLO,NO,0.621,1,1,ALTO+PP
254,na,1,Non-switch Allo,ALLO,NO,0.692,1,1,ALTO+PP
255,|,0,Non-switch Auto,AUTO,NO,0.829,1,1,ALTO+PP
256,|,0,Non-switch Auto,AUTO,NO,0.899,1,1,ALTO+PP
257,gnyis,1,Non-switch Allo,ALLO,NO,0.515,1,1,ALTO+PP
258,po’ang,0,Non-switch Auto,AUTO,NO,0.507,1,1,ALTO+PP
259,yum,1,Non-switch Allo,ALLO,NO,0.570,1,1,ALTO+PP
260,rung,1,Non-switch Allo,ALLO,NO,0.532,1,1,ALTO+PP
261,min,1,Non-switch Allo,ALLO,NO,0.770,1,1,ALTO+PP
262,zhe,1,Non-switch Allo,ALLO,NO,0.625,1,1,ALTO+PP
263,na,1,Non-switch Allo,ALLO,NO,0.583,1,1,ALTO+PP
264,|,0,Non-switch Auto,AUTO,NO,0.938,1,1,ALTO+PP
265,|,0,Non-switch Auto,AUTO,NO,0.967,1,1,ALTO+PP
266,gal,0,Non-switch Auto,AUTO,NO,0.646,1,1,ALTO+PP
267,te,0,Non-switch Auto,AUTO,NO,0.831,1,1,ALTO+PP
268,don,0,Non-switch Auto,AUTO,NO,0.934,1,1,ALTO+PP
269,spyi,0,Non-switch Auto,AUTO,NO,0.929,1,1,ALTO+PP
270,dang,0,Non-switch Auto,AUTO,NO,0.960,1,1,ALTO+PP
271,skra,0,Non-switch Auto,AUTO,NO,0.872,1,1,ALTO+PP
272,shad,0,Non-switch Auto,AUTO,NO,0.832,1,1,ALTO+PP
273,gnyis,0,Non-switch Auto,AUTO,NO,0.929,1,1,ALTO+PP
274,kyang,0,Non-switch Auto,AUTO,NO,0.927,1,1,ALTO+PP
275,gzhan,0,Non-switch Auto,AUTO,NO,0.843,1,1,ALTO+PP
276,gyi,0,Non-switch Auto,AUTO,NO,0.911,1,1,ALTO+PP
277,snang,0,Non-switch Auto,AUTO,NO,0.882,1,1,ALTO+PP
278,du,0,Non-switch Auto,AUTO,NO,0.894,1,1,ALTO+PP
279,rung,0,Non-switch Auto,AUTO,NO,0.934,1,1,ALTO+PP
280,ba’i,0,Non-switch Auto,AUTO,NO,0.921,1,1,ALTO+PP
281,yul,0,Non-switch Auto,AUTO,NO,0.858,1,1,ALTO+PP
282,ma,0,Non-switch Auto,AUTO,NO,0.874,1,1,ALTO+PP
283,yin,0,Non-switch Auto,AUTO,NO,0.840,1,1,ALTO+PP
284,gyi,0,Non-switch Auto,AUTO,NO,0.867,1,1,ALTO+PP
285,rang,0,Non-switch Auto,AUTO,NO,0.917,1,1,ALTO+PP
286,gi,0,Non-switch Auto,AUTO,NO,0.880,1,1,ALTO+PP
287,blo,0,Non-switch Auto,AUTO,NO,0.825,1,1,ALTO+PP
288,dang,0,Non-switch Auto,AUTO,NO,0.944,1,1,ALTO+PP
289,dus,0,Non-switch Auto,AUTO,NO,0.925,1,1,ALTO+PP
290,rgyun,0,Non-switch Auto,AUTO,NO,0.859,1,1,ALTO+PP
291,du,0,Non-switch Auto,AUTO,NO,0.943,1,1,ALTO+PP
292,‘brel,0,Non-switch Auto,AUTO,NO,0.927,1,1,ALTO+PP
293,pas,0,Non-switch Auto,AUTO,NO,0.817,1,1,ALTO+PP
294,so,0,Non-switch Auto,AUTO,NO,0.766,1,1,ALTO+PP
295,snyam,0,Non-switch Auto,AUTO,NO,0.648,1,1,ALTO+PP
296,na,1,Non-switch Allo,ALLO,NO,0.596,1,1,ALTO+PP
297,|,0,Non-switch Auto,AUTO,NO,0.903,1,1,ALTO+PP
298,rang,1,Non-switch Allo,ALLO,NO,0.502,1,1,ALTO+PP
299,blo,1,Non-switch Allo,ALLO,NO,0.540,1,1,ALTO+PP
300,kho,1,Non-switch Allo,ALLO,NO,0.624,1,1,ALTO+PP
301,na,1,Non-switch Allo,ALLO,NO,0.648,1,1,ALTO+PP
302,dang,0,Non-switch Auto,AUTO,NO,0.589,1,1,ALTO+PP
303,‘brel,0,Non-switch Auto,AUTO,NO,0.853,1,1,ALTO+PP
304,phyir,1,Non-switch Allo,ALLO,NO,0.570,1,1,ALTO+PP
305,|,0,Non-switch Auto,AUTO,NO,0.708,1,1,ALTO+PP
306,|,0,Non-switch Auto,AUTO,NO,0.841,1,1,ALTO+PP
307,brjod,1,Non-switch Allo,ALLO,NO,0.549,1,1,ALTO+PP
308,kyang,1,Non-switch Allo,ALLO,NO,0.693,1,1,ALTO+PP
309,gzhan,1,Non-switch Allo,ALLO,NO,0.709,1,1,ALTO+PP
310,gyis,1,Non-switch Allo,ALLO,NO,0.696,1,1,ALTO+PP
311,rtog,1,Non-switch Allo,ALLO,NO,0.668,1,1,ALTO+PP
312,mi,1,Non-switch Allo,ALLO,NO,0.716,1,1,ALTO+PP
313,‘gyur,0,Non-switch Auto,AUTO,NO,0.703,1,1,ALTO+PP
314,|,0,Non-switch Auto,AUTO,NO,0.555,1,1,ALTO+PP
315,|,0,Non-switch Auto,AUTO,NO,0.774,1,1,ALTO+PP
316,rang,1,Non-switch Allo,ALLO,NO,0.589,1,1,ALTO+PP
317,rang,1,Non-switch Allo,ALLO,NO,0.583,1,1,ALTO+PP
318,gi,1,Non-switch Allo,ALLO,NO,0.527,1,1,ALTO+PP
319,blo,1,Non-switch Allo,ALLO,NO,0.549,1,1,ALTO+PP
320,kho,1,Non-switch Allo,ALLO,NO,0.726,1,1,ALTO+PP
321,na,1,Non-switch Allo,ALLO,NO,0.725,1,1,ALTO+PP
322,dang,0,Non-switch Auto,AUTO,NO,0.503,1,1,ALTO+PP
323,‘brel,0,Non-switch Auto,AUTO,NO,0.788,1,1,ALTO+PP
324,na,1,Non-switch Allo,ALLO,NO,0.766,1,1,ALTO+PP
325,rang,1,Non-switch Allo,ALLO,NO,0.642,1,1,ALTO+PP
326,rig,1,Non-switch Allo,ALLO,NO,0.653,1,1,ALTO+PP
327,pa,1,Non-switch Allo,ALLO,NO,0.657,1,1,ALTO+PP
328,bzhin,1,Non-switch Allo,ALLO,NO,0.646,1,1,ALTO+PP
329,du,1,Non-switch Allo,ALLO,NO,0.659,1,1,ALTO+PP
330,gzhan,1,Non-switch Allo,ALLO,NO,0.784,1,1,ALTO+PP
331,la,1,Non-switch Allo,ALLO,NO,0.677,1,1,ALTO+PP
332,bstan,1,Non-switch Allo,ALLO,NO,0.718,1,1,ALTO+PP
333,kyang,1,Non-switch Allo,ALLO,NO,0.678,1,1,ALTO+PP
334,go,1,Non-switch Allo,ALLO,NO,0.635,1,1,ALTO+PP
335,bar,1,Non-switch Allo,ALLO,NO,0.701,1,1,ALTO+PP
336,mi,1,Non-switch Allo,ALLO,NO,0.696,1,1,ALTO+PP
337,‘gyur,0,Non-switch Auto,AUTO,NO,0.614,1,1,ALTO+PP
338,ro,1,Non-switch Allo,ALLO,NO,0.719,1,1,ALTO+PP
339,|,0,Non-switch Auto,AUTO,NO,0.910,1,1,ALTO+PP
340,|,0,Non-switch Auto,AUTO,NO,0.971,1,1,ALTO+PP
341,de’ang,0,Non-switch Auto,AUTO,NO,0.891,1,1,ALTO+PP
342,rnam,0,Non-switch Auto,AUTO,NO,0.921,1,1,ALTO+PP
343,‘grel,0,Non-switch Auto,AUTO,NO,0.941,1,1,ALTO+PP
344,las,0,Non-switch Auto,AUTO,NO,0.940,1,1,ALTO+PP
345,|,0,Non-switch Auto,AUTO,NO,0.964,1,1,ALTO+PP
346,bdag,1,Non-switch Allo,ALLO,NO,0.726,1,1,ALTO+PP
347,la,1,Non-switch Allo,ALLO,NO,0.842,1,1,ALTO+PP
348,rtag,1,Non-switch Allo,ALLO,NO,0.869,1,1,ALTO+PP
349,tu,1,Non-switch Allo,ALLO,NO,0.896,1,1,ALTO+PP
350,‘brel,0,Non-switch Auto,AUTO,NO,0.623,1,1,ALTO+PP
351,yin,1,Non-switch Allo,ALLO,NO,0.928,1,1,ALTO+PP
352,na,1,Non-switch Allo,ALLO,NO,0.943,1,1,ALTO+PP
353,|,1,Non-switch Allo,ALLO,NO,0.676,1,1,ALTO+PP
354,|,1,Non-switch Allo,ALLO,NO,0.522,1,1,ALTO+PP
355,brjod,1,Non-switch Allo,ALLO,NO,0.894,1,1,ALTO+PP
356,kyang,1,Non-switch Allo,ALLO,NO,0.923,1,1,ALTO+PP
357,rtogs,1,Non-switch Allo,ALLO,NO,0.877,1,1,ALTO+PP
358,par,1,Non-switch Allo,ALLO,NO,0.915,1,1,ALTO+PP
359,mi,1,Non-switch Allo,ALLO,NO,0.904,1,1,ALTO+PP
360,‘gyur,1,Non-switch Allo,ALLO,NO,0.619,1,1,ALTO+PP
361,ro,1,Non-switch Allo,ALLO,NO,0.939,1,1,ALTO+PP
362,|,0,Non-switch Auto,AUTO,NO,0.704,1,1,ALTO+PP
363,|,0,Non-switch Auto,AUTO,NO,0.836,1,1,ALTO+PP
364,zhes,0,Non-switch Auto,AUTO,NO,0.593,1,1,ALTO+PP
365,gsungs,0,Non-switch Auto,AUTO,NO,0.946,1,1,ALTO+PP
366,pa,0,Non-switch Auto,AUTO,NO,0.975,1,1,ALTO+PP
367,ltar,0,Non-switch Auto,AUTO,NO,0.961,1,1,ALTO+PP
368,ro,0,Non-switch Auto,AUTO,NO,0.975,1,1,ALTO+PP
369,|,0,Non-switch Auto,AUTO,NO,0.986,1,1,ALTO+PP
370,|,0,Non-switch Auto,AUTO,NO,0.990,1,1,ALTO+PP
